IBLOCK_ID;XML_ID;QUANTITY;QUANTITY_TRACE;VAT;WEIGHT;CAN_BUY_ZERO;NEGATIVE_AMOUNT_TRACE;MEASURE;LENGTH;WIDTH;HEIGHT;AB6F91A1-69DA-4132-9556-C2565FCD97B4;CURAB6F91A1-69DA-4132-9556-C2565FCD97B4;53279416-7035-435D-9B18-3BA546161988;CUR53279416-7035-435D-9B18-3BA546161988
B658816D-ECD0-44A2-AC83-AFB566EEA983;ба8664;0;Y;20;15000;N;N;796;0;0;0;350;RUB;350;RUB
B658816D-ECD0-44A2-AC83-AFB566EEA983;ба99665;149;Y;20;16000;N;N;796;150;368;257;6000;RUB;6292;RUB
B658816D-ECD0-44A2-AC83-AFB566EEA983;8101;0;Y;20;12120;N;N;796;0;0;0;400;RUB;400;RUB
B658816D-ECD0-44A2-AC83-AFB566EEA983;ба9203;0;Y;20;19000;N;N;796;0;0;0;1240;RUB;1240;RUB
B658816D-ECD0-44A2-AC83-AFB566EEA983;ба99820;0;Y;20;20000;N;N;796;880;30;38;1180;RUB;590;RUB
B658816D-ECD0-44A2-AC83-AFB566EEA983;65452454;2323;Y;20;20600;N;N;796;880;30;38;680;RUB;708;RUB
B658816D-ECD0-44A2-AC83-AFB566EEA983;8205;0;Y;20;13000;N;N;796;0;0;0;67.2;RUB;68;RUB
B658816D-ECD0-44A2-AC83-AFB566EEA983;ба8831;0;Y;20;16000;N;N;796;0;0;0;2490;RUB;2490;RUB
B658816D-ECD0-44A2-AC83-AFB566EEA983;ба99107;0;Y;20;17000;N;N;796;0;0;0;2050;RUB;2050;RUB
B658816D-ECD0-44A2-AC83-AFB566EEA983;Т8732;0;Y;20;13000;N;N;796;0;0;0;1500;RUB;1500;RUB
B658816D-ECD0-44A2-AC83-AFB566EEA983;ба8824;0;Y;20;23000;N;N;796;0;0;0;1900;RUB;1900;RUB
B658816D-ECD0-44A2-AC83-AFB566EEA983;182060;0;Y;20;14000;N;N;796;125;120;120;200;RUB;240;RUB
B658816D-ECD0-44A2-AC83-AFB566EEA983;в357;232;Y;20;17400;N;N;796;200;290;290;6250;RUB;6480;RUB
B658816D-ECD0-44A2-AC83-AFB566EEA983;ба8829;0;Y;20;16000;N;N;796;0;0;0;2490;RUB;2490;RUB
B658816D-ECD0-44A2-AC83-AFB566EEA983;ба96355;0;Y;20;0;N;N;796;0;0;0;1220;RUB;1220;RUB
B658816D-ECD0-44A2-AC83-AFB566EEA983;ба99661;1638;Y;20;26500;N;N;796;150;172;116;1200;RUB;1248;RUB
B658816D-ECD0-44A2-AC83-AFB566EEA983;ба99669;307;Y;20;19800;N;N;796;175;395;276;7600;RUB;7920;RUB
B658816D-ECD0-44A2-AC83-AFB566EEA983;ба99103;0;Y;20;15900;N;N;796;0;0;0;1800;RUB;1800;RUB
B658816D-ECD0-44A2-AC83-AFB566EEA983;ба99557;0;Y;20;0;N;N;796;0;0;0;729.16;RUB;730;RUB
B658816D-ECD0-44A2-AC83-AFB566EEA983;ба8841;0;Y;20;23000;N;N;796;250;540;360;14990;RUB;17988;RUB
B658816D-ECD0-44A2-AC83-AFB566EEA983;ба99684;41;Y;20;21700;N;N;796;250;540;360;17000;RUB;18900;RUB
B658816D-ECD0-44A2-AC83-AFB566EEA983;ба8809;0;Y;20;14000;N;N;796;125;125;102;750;RUB;900;RUB
B658816D-ECD0-44A2-AC83-AFB566EEA983;ба99779;264;Y;20;13500;N;N;796;125;125;102;860;RUB;893;RUB
B658816D-ECD0-44A2-AC83-AFB566EEA983;ба99051;0;Y;20;0;N;N;796;25;135;65;69.74;RUB;84;RUB
B658816D-ECD0-44A2-AC83-AFB566EEA983;Т8199;0;Y;20;17000;N;N;796;0;0;0;2200;RUB;2200;RUB
B658816D-ECD0-44A2-AC83-AFB566EEA983;ба99756;113;Y;20;18000;N;N;796;221;84;84;1600;RUB;1601;RUB
B658816D-ECD0-44A2-AC83-AFB566EEA983;ба97184;0;Y;20;23000;N;N;796;221;84;84;1380;RUB;1656;RUB
B658816D-ECD0-44A2-AC83-AFB566EEA983;ба97690;0;Y;20;23000;N;N;796;0;0;0;492;RUB;492;RUB
B658816D-ECD0-44A2-AC83-AFB566EEA983;ба99809;0;Y;20;23000;N;N;796;0;0;0;492;RUB;492;RUB
B658816D-ECD0-44A2-AC83-AFB566EEA983;ба97689;0;Y;20;23000;N;N;796;0;0;0;360;RUB;360;RUB
B658816D-ECD0-44A2-AC83-AFB566EEA983;182068*2;0;Y;20;15000;N;N;796;250;252;252;4900;RUB;5880;RUB
B658816D-ECD0-44A2-AC83-AFB566EEA983;ба99714;117;Y;20;14100;N;N;796;250;252;252;5600;RUB;5880;RUB
B658816D-ECD0-44A2-AC83-AFB566EEA983;182047;0;Y;20;21000;N;N;796;0;0;0;174;RUB;174;RUB
B658816D-ECD0-44A2-AC83-AFB566EEA983;ба8645;0;Y;20;21000;N;N;796;0;0;0;252;RUB;26;RUB
B658816D-ECD0-44A2-AC83-AFB566EEA983;ба99811;42535;Y;20;21000;N;N;796;7;0;0;318;RUB;317;RUB
B658816D-ECD0-44A2-AC83-AFB566EEA983;ба99810;32707;Y;20;17100;N;N;796;7;0;0;456;RUB;461;RUB
B658816D-ECD0-44A2-AC83-AFB566EEA983;ба8644;0;Y;20;19000;N;N;796;0;0;0;384;RUB;39;RUB
B658816D-ECD0-44A2-AC83-AFB566EEA983;182072;0;Y;20;17000;N;N;796;225;175;175;2200;RUB;2640;RUB
B658816D-ECD0-44A2-AC83-AFB566EEA983;в7302;193;Y;20;13500;N;N;796;225;175;175;2550;RUB;2640;RUB
B658816D-ECD0-44A2-AC83-AFB566EEA983;а9299;0;Y;20;0;N;N;796;0;0;0;56;RUB;56;RUB
B658816D-ECD0-44A2-AC83-AFB566EEA983;ба96350;0;Y;20;0;N;N;796;0;0;0;350;RUB;350;RUB
B658816D-ECD0-44A2-AC83-AFB566EEA983;Т8191;0;Y;20;17000;N;N;796;0;0;0;1890;RUB;1890;RUB
B658816D-ECD0-44A2-AC83-AFB566EEA983;в375;36137;Y;20;20500;N;N;796;25;480;19;560;RUB;576;RUB
B658816D-ECD0-44A2-AC83-AFB566EEA983;ба99049;0;Y;20;0;N;N;796;100;75;75;260.01;RUB;313;RUB
B658816D-ECD0-44A2-AC83-AFB566EEA983;321657;0;Y;20;0;N;N;796;175;185;190;1055;RUB;1266;RUB
B658816D-ECD0-44A2-AC83-AFB566EEA983;ба8820;0;Y;20;16000;N;N;796;0;0;0;1500;RUB;1500;RUB
B658816D-ECD0-44A2-AC83-AFB566EEA983;321654;0;Y;20;0;N;N;796;175;185;190;985;RUB;1182;RUB
B658816D-ECD0-44A2-AC83-AFB566EEA983;ба99815;656;Y;20;30000;N;N;796;20;0;0;720;RUB;864;RUB
B658816D-ECD0-44A2-AC83-AFB566EEA983;гв000024;7909;Y;20;30000;N;N;796;20;0;0;840;RUB;0;RUB
B658816D-ECD0-44A2-AC83-AFB566EEA983;ба9194;0;Y;20;30000;N;N;796;0;0;0;760;RUB;760;RUB
B658816D-ECD0-44A2-AC83-AFB566EEA983;ба9214;0;Y;20;17000;N;N;796;225;142;142;1450;RUB;1740;RUB
B658816D-ECD0-44A2-AC83-AFB566EEA983;ба99760;818;Y;20;18000;N;N;796;225;142;142;1670;RUB;1740;RUB
B658816D-ECD0-44A2-AC83-AFB566EEA983;ба99564;0;Y;20;0;N;N;796;0;0;0;518.06;RUB;519;RUB
B658816D-ECD0-44A2-AC83-AFB566EEA983;ба8615;0;Y;20;19000;N;N;796;0;0;0;360;RUB;360;RUB
B658816D-ECD0-44A2-AC83-AFB566EEA983;ба98886;0;Y;20;0;N;N;796;0;0;0;493.5;RUB;24675;RUB
B658816D-ECD0-44A2-AC83-AFB566EEA983;в07;0;Y;20;0;N;N;796;0;0;0;177.36;RUB;155;RUB
B658816D-ECD0-44A2-AC83-AFB566EEA983;54855;0;Y;20;3200;N;N;796;0;0;0;177.36;RUB;178;RUB
B658816D-ECD0-44A2-AC83-AFB566EEA983;ба96643;606;Y;20;3200;N;N;796;0;0;0;177.36;RUB;277;RUB
B658816D-ECD0-44A2-AC83-AFB566EEA983;ба98883;901;Y;20;3200;N;N;796;485;190;5;177.36;RUB;268;RUB
B658816D-ECD0-44A2-AC83-AFB566EEA983;ба96251;649;Y;20;2900;N;N;796;485;0;0;157.35;RUB;248;RUB
B658816D-ECD0-44A2-AC83-AFB566EEA983;ба96641;0;Y;20;1900;N;N;796;485;0;0;157.35;RUB;299;RUB
B658816D-ECD0-44A2-AC83-AFB566EEA983;ба96640;0;Y;20;2700;N;N;796;485;0;0;157.35;RUB;248;RUB
B658816D-ECD0-44A2-AC83-AFB566EEA983;ба9073;434;Y;20;2000;N;N;796;0;0;0;157.35;RUB;158;RUB
B658816D-ECD0-44A2-AC83-AFB566EEA983;ба8622;0;Y;20;18000;N;N;796;0;0;0;1450;RUB;1450;RUB
B658816D-ECD0-44A2-AC83-AFB566EEA983;ба99736;4961;Y;20;16800;N;N;796;52;280;975;1750;RUB;1740;RUB
B658816D-ECD0-44A2-AC83-AFB566EEA983;а8133;0;Y;20;12000;N;N;796;0;0;0;970;RUB;970;RUB
B658816D-ECD0-44A2-AC83-AFB566EEA983;ба97185;0;Y;20;23000;N;N;796;0;0;0;1380;RUB;1380;RUB
B658816D-ECD0-44A2-AC83-AFB566EEA983;ба99749;289;Y;20;18000;N;N;796;221;84;84;1600;RUB;1656;RUB
B658816D-ECD0-44A2-AC83-AFB566EEA983;гв000055;630;Y;20;2200;N;N;796;0;0;0;41.5;RUB;0;RUB
B658816D-ECD0-44A2-AC83-AFB566EEA983;гв000053;1476;Y;20;1800;N;N;796;0;0;0;34.5;RUB;0;RUB
B658816D-ECD0-44A2-AC83-AFB566EEA983;гв000054;719;Y;20;2100;N;N;796;0;0;0;38;RUB;0;RUB
B658816D-ECD0-44A2-AC83-AFB566EEA983;ба9511;0;Y;20;4800;N;N;796;0;0;0;257.72;RUB;258;RUB
B658816D-ECD0-44A2-AC83-AFB566EEA983;000250;0;Y;20;9600;N;N;796;0;0;0;131.53;RUB;132;RUB
B658816D-ECD0-44A2-AC83-AFB566EEA983;182050;0;Y;20;6300;N;N;796;485;0;0;118.54;RUB;158;RUB
B658816D-ECD0-44A2-AC83-AFB566EEA983;ба9516;6000;Y;20;11000;N;N;796;0;0;0;1900;RUB;1846;RUB
B658816D-ECD0-44A2-AC83-AFB566EEA983;ба9515;6150;Y;20;11000;N;N;796;0;0;0;1900;RUB;1846;RUB
B658816D-ECD0-44A2-AC83-AFB566EEA983;ба9512;6300;Y;20;11000;N;N;796;0;0;0;1900;RUB;48;RUB
B658816D-ECD0-44A2-AC83-AFB566EEA983;а8167;0;Y;20;16000;N;N;796;213;0;0;1092;RUB;27;RUB
B658816D-ECD0-44A2-AC83-AFB566EEA983;ба96638;0;Y;20;19680;N;N;796;0;0;0;675;RUB;675;RUB
B658816D-ECD0-44A2-AC83-AFB566EEA983;а8170;0;Y;20;17300;N;N;796;0;0;0;0;RUB;0;RUB
B658816D-ECD0-44A2-AC83-AFB566EEA983;Т0239;0;Y;20;24000;N;N;796;0;0;0;1280.5;RUB;1281;RUB
B658816D-ECD0-44A2-AC83-AFB566EEA983;а8169;0;Y;20;24000;N;N;796;0;0;0;880.5;RUB;881;RUB
B658816D-ECD0-44A2-AC83-AFB566EEA983;гв000056;146;Y;20;6000;N;N;796;0;0;0;40.1;RUB;0;RUB
B658816D-ECD0-44A2-AC83-AFB566EEA983;гв000051;0;Y;20;3900;N;N;796;0;0;0;2990;RUB;0;RUB
B658816D-ECD0-44A2-AC83-AFB566EEA983;гв000052;0;Y;20;5500;N;N;796;0;0;0;3860;RUB;0;RUB
B658816D-ECD0-44A2-AC83-AFB566EEA983;000956;600;Y;20;17640;N;N;796;175;0;0;793;RUB;19;RUB
B658816D-ECD0-44A2-AC83-AFB566EEA983;54165464;2544;Y;20;9000;N;N;796;0;0;0;672;RUB;672;RUB
B658816D-ECD0-44A2-AC83-AFB566EEA983;гв000045;0;Y;20;8000;N;N;796;0;0;0;79.2;RUB;0;RUB
B658816D-ECD0-44A2-AC83-AFB566EEA983;гв000044;0;Y;20;7000;N;N;796;0;0;0;79.2;RUB;0;RUB
B658816D-ECD0-44A2-AC83-AFB566EEA983;гв000043;0;Y;20;8000;N;N;796;0;0;0;81.6;RUB;0;RUB
B658816D-ECD0-44A2-AC83-AFB566EEA983;гв000046;0;Y;20;7000;N;N;796;0;0;0;117.75;RUB;0;RUB
B658816D-ECD0-44A2-AC83-AFB566EEA983;гв000047;0;Y;20;2600;N;N;796;0;0;0;2310;RUB;0;RUB
B658816D-ECD0-44A2-AC83-AFB566EEA983;гв000048;179;Y;20;3600;N;N;796;0;0;0;2700;RUB;0;RUB
B658816D-ECD0-44A2-AC83-AFB566EEA983;гв000057;0;Y;20;5500;N;N;796;0;0;0;3250;RUB;0;RUB
B658816D-ECD0-44A2-AC83-AFB566EEA983;гв000058;0;Y;20;8000;N;N;796;0;0;0;3850;RUB;0;RUB
B658816D-ECD0-44A2-AC83-AFB566EEA983;182043;0;Y;20;23760;N;N;796;0;0;0;1085;RUB;1085;RUB
B658816D-ECD0-44A2-AC83-AFB566EEA983;ба96639;0;Y;20;21600;N;N;796;213;0;0;1093.5;RUB;29;RUB
B658816D-ECD0-44A2-AC83-AFB566EEA983;190485;0;Y;20;14280;N;N;796;0;0;0;746.5;RUB;649;RUB
B658816D-ECD0-44A2-AC83-AFB566EEA983;а8166;0;Y;20;13600;N;N;796;213;0;0;793;RUB;20;RUB
B658816D-ECD0-44A2-AC83-AFB566EEA983;0000543;0;Y;20;26040;N;N;796;0;0;0;1213.5;RUB;1055;RUB
B658816D-ECD0-44A2-AC83-AFB566EEA983;гв000049;0;Y;20;3800;N;N;796;0;0;0;2420;RUB;0;RUB
B658816D-ECD0-44A2-AC83-AFB566EEA983;гв000050;0;Y;20;5700;N;N;796;0;0;0;2900;RUB;0;RUB
B658816D-ECD0-44A2-AC83-AFB566EEA983;01705;0;Y;20;0;N;N;796;0;0;0;3600;RUB;3600;RUB
B658816D-ECD0-44A2-AC83-AFB566EEA983;гв000180;6344;Y;20;18000;N;N;796;6;300;70;900;RUB;0;RUB
B658816D-ECD0-44A2-AC83-AFB566EEA983;ба97687;0;Y;20;18000;N;N;796;0;0;0;1600;RUB;1600;RUB
B658816D-ECD0-44A2-AC83-AFB566EEA983;ба99677;0;Y;20;16400;N;N;796;6;300;70;1600;RUB;240;RUB
B658816D-ECD0-44A2-AC83-AFB566EEA983;ба8855;0;Y;20;17000;N;N;796;6;78;52;1160;RUB;35;RUB
B658816D-ECD0-44A2-AC83-AFB566EEA983;ба99679;160;Y;20;16400;N;N;796;6;78;52;1160;RUB;18;RUB
B658816D-ECD0-44A2-AC83-AFB566EEA983;гв000181;69476;Y;20;18000;N;N;796;6;78;52;640;RUB;0;RUB
B658816D-ECD0-44A2-AC83-AFB566EEA983;ба99585;0;Y;20;0;N;N;796;0;0;0;1312.8;RUB;1313;RUB
B658816D-ECD0-44A2-AC83-AFB566EEA983;ба99739;403;Y;20;15900;N;N;796;150;203;115;1450;RUB;1500;RUB
B658816D-ECD0-44A2-AC83-AFB566EEA983;ба97693;0;Y;20;15000;N;N;796;0;0;0;1250;RUB;1250;RUB
B658816D-ECD0-44A2-AC83-AFB566EEA983;ба8667;0;Y;20;23000;N;N;796;0;0;0;800;RUB;800;RUB
B658816D-ECD0-44A2-AC83-AFB566EEA983;ба8843;0;Y;20;11000;N;N;796;0;0;0;3100;RUB;3100;RUB
B658816D-ECD0-44A2-AC83-AFB566EEA983;ба99102;0;Y;20;19500;N;N;796;0;0;0;1270;RUB;1270;RUB
B658816D-ECD0-44A2-AC83-AFB566EEA983;ба96342;0;Y;20;0;N;N;796;0;0;0;1600;RUB;1600;RUB
B658816D-ECD0-44A2-AC83-AFB566EEA983;ба8633;0;Y;20;12000;N;N;796;330;110;110;2500;RUB;1500;RUB
B658816D-ECD0-44A2-AC83-AFB566EEA983;ба99797;819;Y;20;8300;N;N;796;330;110;110;2900;RUB;1500;RUB
B658816D-ECD0-44A2-AC83-AFB566EEA983;000404;3961;Y;20;0;N;N;796;0;0;0;19.9;RUB;20;RUB
B658816D-ECD0-44A2-AC83-AFB566EEA983;ба9362;0;Y;20;0;N;N;796;0;0;0;100;RUB;100;RUB
B658816D-ECD0-44A2-AC83-AFB566EEA983;ба99164;0;Y;20;0;N;N;796;0;0;0;498.24;RUB;499;RUB
B658816D-ECD0-44A2-AC83-AFB566EEA983;ба8661;0;Y;20;29000;N;N;796;0;0;0;1040;RUB;1040;RUB
B658816D-ECD0-44A2-AC83-AFB566EEA983;ба9564;0;Y;20;15000;N;N;796;0;0;0;900;RUB;900;RUB
B658816D-ECD0-44A2-AC83-AFB566EEA983;ба8848;0;Y;20;22000;N;N;796;0;0;0;7800;RUB;7800;RUB
B658816D-ECD0-44A2-AC83-AFB566EEA983;в352;1632;Y;20;15600;N;N;796;225;172;96;1060;RUB;1104;RUB
B658816D-ECD0-44A2-AC83-AFB566EEA983;ба8796;0;Y;20;13000;N;N;796;0;0;0;3300;RUB;3300;RUB
B658816D-ECD0-44A2-AC83-AFB566EEA983;ба96359;0;Y;20;0;N;N;796;0;0;0;1590;RUB;1590;RUB
B658816D-ECD0-44A2-AC83-AFB566EEA983;ба8770;0;Y;20;27000;N;N;796;120;86;67;740;RUB;444;RUB
B658816D-ECD0-44A2-AC83-AFB566EEA983;в7011;4327;Y;20;27000;N;N;796;120;86;67;880;RUB;460;RUB
B658816D-ECD0-44A2-AC83-AFB566EEA983;а8299;0;Y;20;0;N;N;796;0;0;0;27.76;RUB;28;RUB
B658816D-ECD0-44A2-AC83-AFB566EEA983;а8298;0;Y;20;0;N;N;796;0;0;0;28.98;RUB;29;RUB
B658816D-ECD0-44A2-AC83-AFB566EEA983;а8300;0;Y;20;0;N;N;796;0;0;0;29.89;RUB;30;RUB
B658816D-ECD0-44A2-AC83-AFB566EEA983;Т0164;0;Y;20;0;N;N;796;0;0;0;32.03;RUB;33;RUB
B658816D-ECD0-44A2-AC83-AFB566EEA983;Т0165;0;Y;20;0;N;N;796;0;0;0;42.2;RUB;43;RUB
B658816D-ECD0-44A2-AC83-AFB566EEA983;а8305;0;Y;20;0;N;N;796;0;0;0;38.74;RUB;39;RUB
B658816D-ECD0-44A2-AC83-AFB566EEA983;Т0166;0;Y;20;0;N;N;796;0;0;0;30.81;RUB;31;RUB
B658816D-ECD0-44A2-AC83-AFB566EEA983;Т0167;0;Y;20;0;N;N;796;0;0;0;38.74;RUB;39;RUB
B658816D-ECD0-44A2-AC83-AFB566EEA983;00000038;0;Y;20;16000;N;N;796;0;0;0;273.6;RUB;274;RUB
B658816D-ECD0-44A2-AC83-AFB566EEA983;Т0147;0;Y;20;0;N;N;796;0;0;0;35.08;RUB;36;RUB
B658816D-ECD0-44A2-AC83-AFB566EEA983;ба8776;0;Y;20;19000;N;N;796;150;125;125;850;RUB;1020;RUB
B658816D-ECD0-44A2-AC83-AFB566EEA983;ба99775;103;Y;20;24500;N;N;796;150;125;125;980;RUB;1097;RUB
B658816D-ECD0-44A2-AC83-AFB566EEA983;ба99656;1113;Y;20;18100;N;N;796;125;168;138;1450;RUB;1488;RUB
B658816D-ECD0-44A2-AC83-AFB566EEA983;186179;0;Y;20;16000;N;N;796;250;360;360;10300;RUB;12360;RUB
B658816D-ECD0-44A2-AC83-AFB566EEA983;ба97187;0;Y;20;20000;N;N;796;0;0;0;2750;RUB;2750;RUB
B658816D-ECD0-44A2-AC83-AFB566EEA983;190457;0;Y;20;0;N;N;796;0;0;0;40.93;RUB;41;RUB
B658816D-ECD0-44A2-AC83-AFB566EEA983;182068;0;Y;20;17000;N;N;796;250;262;262;4900;RUB;5880;RUB
B658816D-ECD0-44A2-AC83-AFB566EEA983;ба99710;416;Y;20;15000;N;N;796;250;262;262;5600;RUB;5880;RUB
B658816D-ECD0-44A2-AC83-AFB566EEA983;ба99658;538;Y;20;10700;N;N;796;172;220;172;2550;RUB;2640;RUB
B658816D-ECD0-44A2-AC83-AFB566EEA983;ба8845;0;Y;20;10000;N;N;796;0;0;0;8900;RUB;8900;RUB
B658816D-ECD0-44A2-AC83-AFB566EEA983;ба9215;0;Y;20;16000;N;N;796;250;365;365;9800;RUB;11760;RUB
B658816D-ECD0-44A2-AC83-AFB566EEA983;ба99696;78;Y;20;13800;N;N;796;250;365;365;11200;RUB;11956;RUB
B658816D-ECD0-44A2-AC83-AFB566EEA983;182068*;0;Y;20;17000;N;N;796;221;225;225;3600;RUB;4320;RUB
B658816D-ECD0-44A2-AC83-AFB566EEA983;ба99719;1;Y;20;23000;N;N;796;221;225;225;4080;RUB;4248;RUB
B658816D-ECD0-44A2-AC83-AFB566EEA983;Т0148;0;Y;20;0;N;N;796;0;0;0;57.34;RUB;58;RUB
B658816D-ECD0-44A2-AC83-AFB566EEA983;Т0149;0;Y;20;0;N;N;796;0;0;0;31.72;RUB;32;RUB
B658816D-ECD0-44A2-AC83-AFB566EEA983;Т0150;0;Y;20;0;N;N;796;0;0;0;39.04;RUB;40;RUB
B658816D-ECD0-44A2-AC83-AFB566EEA983;Т0151;0;Y;20;0;N;N;796;0;0;0;23.49;RUB;24;RUB
B658816D-ECD0-44A2-AC83-AFB566EEA983;а9298;0;Y;20;0;N;N;796;0;0;0;28;RUB;7;RUB
B658816D-ECD0-44A2-AC83-AFB566EEA983;а9297;0;Y;20;0;N;N;796;0;0;0;42;RUB;42;RUB
B658816D-ECD0-44A2-AC83-AFB566EEA983;Т0152;0;Y;20;0;N;N;796;0;0;0;23.18;RUB;24;RUB
B658816D-ECD0-44A2-AC83-AFB566EEA983;Т0153;0;Y;20;0;N;N;796;0;0;0;22.57;RUB;23;RUB
B658816D-ECD0-44A2-AC83-AFB566EEA983;Т0154;0;Y;20;0;N;N;796;0;0;0;23.18;RUB;24;RUB
B658816D-ECD0-44A2-AC83-AFB566EEA983;Т0155;0;Y;20;0;N;N;796;0;0;0;22.88;RUB;23;RUB
B658816D-ECD0-44A2-AC83-AFB566EEA983;Т0156;0;Y;20;0;N;N;796;0;0;0;33.25;RUB;34;RUB
B658816D-ECD0-44A2-AC83-AFB566EEA983;Т0157;0;Y;20;0;N;N;796;0;0;0;31.42;RUB;32;RUB
B658816D-ECD0-44A2-AC83-AFB566EEA983;Т0158;0;Y;20;0;N;N;796;0;0;0;56.43;RUB;57;RUB
B658816D-ECD0-44A2-AC83-AFB566EEA983;а8301;0;Y;20;0;N;N;796;0;0;0;24.71;RUB;25;RUB
B658816D-ECD0-44A2-AC83-AFB566EEA983;а8302;0;Y;20;0;N;N;796;0;0;0;24.71;RUB;25;RUB
B658816D-ECD0-44A2-AC83-AFB566EEA983;Т0159;0;Y;20;0;N;N;796;0;0;0;26.54;RUB;27;RUB
B658816D-ECD0-44A2-AC83-AFB566EEA983;а8303;0;Y;20;0;N;N;796;0;0;0;29.93;RUB;30;RUB
B658816D-ECD0-44A2-AC83-AFB566EEA983;Т0160;0;Y;20;0;N;N;796;0;0;0;26.54;RUB;27;RUB
B658816D-ECD0-44A2-AC83-AFB566EEA983;Т0161;0;Y;20;0;N;N;796;0;0;0;26.84;RUB;27;RUB
B658816D-ECD0-44A2-AC83-AFB566EEA983;Т0162;0;Y;20;0;N;N;796;0;0;0;21.66;RUB;22;RUB
B658816D-ECD0-44A2-AC83-AFB566EEA983;а8304;0;Y;20;0;N;N;796;0;0;0;23.79;RUB;24;RUB
B658816D-ECD0-44A2-AC83-AFB566EEA983;Т0163;0;Y;20;0;N;N;796;0;0;0;20.74;RUB;21;RUB
B658816D-ECD0-44A2-AC83-AFB566EEA983;а8633;0;Y;20;0;N;N;796;0;0;0;15;RUB;15;RUB
B658816D-ECD0-44A2-AC83-AFB566EEA983;Т8141;0;Y;20;24000;N;N;796;0;0;0;2500;RUB;2500;RUB
B658816D-ECD0-44A2-AC83-AFB566EEA983;182070*2;0;Y;20;17000;N;N;796;0;0;0;1800;RUB;1800;RUB
B658816D-ECD0-44A2-AC83-AFB566EEA983;Т8200;0;Y;20;17000;N;N;796;0;0;0;2490;RUB;2490;RUB
B658816D-ECD0-44A2-AC83-AFB566EEA983;Т8954;0;Y;20;17000;N;N;796;0;0;0;3300;RUB;3300;RUB
B658816D-ECD0-44A2-AC83-AFB566EEA983;Т8137;0;Y;20;23000;N;N;796;0;0;0;1080;RUB;1080;RUB
B658816D-ECD0-44A2-AC83-AFB566EEA983;Т8297;0;Y;20;26000;N;N;796;0;0;0;11300;RUB;11300;RUB
B658816D-ECD0-44A2-AC83-AFB566EEA983;ба9602;0;Y;20;25000;N;N;796;0;0;0;16500;RUB;16500;RUB
B658816D-ECD0-44A2-AC83-AFB566EEA983;ба99536;0;Y;20;0;N;N;796;0;0;0;1654.44;RUB;1655;RUB
B658816D-ECD0-44A2-AC83-AFB566EEA983;182072**;0;Y;20;17000;N;N;796;0;0;0;2200;RUB;2200;RUB
B658816D-ECD0-44A2-AC83-AFB566EEA983;ба99735;0;Y;20;13000;N;N;796;0;0;0;2490;RUB;2490;RUB
B658816D-ECD0-44A2-AC83-AFB566EEA983;Т8139;0;Y;20;24000;N;N;796;0;0;0;2500;RUB;2500;RUB
B658816D-ECD0-44A2-AC83-AFB566EEA983;Т8858;0;Y;20;17000;N;N;796;0;0;0;6500;RUB;6500;RUB
B658816D-ECD0-44A2-AC83-AFB566EEA983;Т8572;0;Y;20;17000;N;N;796;0;0;0;1500;RUB;1500;RUB
B658816D-ECD0-44A2-AC83-AFB566EEA983;ба99089;0;Y;20;7000;N;N;796;0;0;0;210;RUB;180;RUB
B658816D-ECD0-44A2-AC83-AFB566EEA983;Т8588;0;Y;20;17000;N;N;796;0;0;0;3300;RUB;3300;RUB
B658816D-ECD0-44A2-AC83-AFB566EEA983;ба99717;19;Y;20;23000;N;N;796;221;225;225;4080;RUB;4248;RUB
B658816D-ECD0-44A2-AC83-AFB566EEA983;182068**;0;Y;20;17000;N;N;796;0;0;0;3600;RUB;3600;RUB
B658816D-ECD0-44A2-AC83-AFB566EEA983;ба99559;0;Y;20;0;N;N;796;0;0;0;648;RUB;648;RUB
B658816D-ECD0-44A2-AC83-AFB566EEA983;182040;0;Y;20;17000;N;N;796;0;0;0;540;RUB;540;RUB
B658816D-ECD0-44A2-AC83-AFB566EEA983;ба9578;0;Y;20;15000;N;N;796;175;205;205;2850;RUB;3420;RUB
B658816D-ECD0-44A2-AC83-AFB566EEA983;ба99720;192;Y;20;15700;N;N;796;175;205;205;3300;RUB;3392;RUB
B658816D-ECD0-44A2-AC83-AFB566EEA983;ба99662;447;Y;20;20600;N;N;796;200;185;167;1600;RUB;1694;RUB
B658816D-ECD0-44A2-AC83-AFB566EEA983;ба99731;54;Y;20;18600;N;N;796;221;160;160;2150;RUB;2220;RUB
B658816D-ECD0-44A2-AC83-AFB566EEA983;ба97186;0;Y;20;17000;N;N;796;221;160;160;1850;RUB;2220;RUB
B658816D-ECD0-44A2-AC83-AFB566EEA983;ба96360;0;Y;20;0;N;N;796;0;0;0;2400;RUB;2400;RUB
B658816D-ECD0-44A2-AC83-AFB566EEA983;Т8598;0;Y;20;23000;N;N;796;0;0;0;9400;RUB;9400;RUB
B658816D-ECD0-44A2-AC83-AFB566EEA983;ба9601;0;Y;20;24000;N;N;796;0;0;0;14990;RUB;14990;RUB
B658816D-ECD0-44A2-AC83-AFB566EEA983;ба99688;3;Y;20;23000;N;N;796;237;560;370;17000;RUB;17908;RUB
B658816D-ECD0-44A2-AC83-AFB566EEA983;ба8723;0;Y;20;0;N;N;796;0;0;0;480;RUB;480;RUB
B658816D-ECD0-44A2-AC83-AFB566EEA983;ба9185;0;Y;20;13000;N;N;796;0;0;0;960;RUB;960;RUB
B658816D-ECD0-44A2-AC83-AFB566EEA983;ба99733;17175;Y;20;12600;N;N;796;32;240;850;1200;RUB;1152;RUB
B658816D-ECD0-44A2-AC83-AFB566EEA983;ба8627;0;Y;20;17000;N;N;796;0;0;0;168;RUB;168;RUB
B658816D-ECD0-44A2-AC83-AFB566EEA983;ба8617;0;Y;20;18000;N;N;796;0;0;0;850;RUB;850;RUB
B658816D-ECD0-44A2-AC83-AFB566EEA983;ба9579;0;Y;20;16000;N;N;796;0;0;0;5890;RUB;5890;RUB
B658816D-ECD0-44A2-AC83-AFB566EEA983;ба99706;0;Y;20;17000;N;N;796;0;0;0;6800;RUB;5890;RUB
B658816D-ECD0-44A2-AC83-AFB566EEA983;ба9574;0;Y;20;17000;N;N;796;0;0;0;4600;RUB;4600;RUB
B658816D-ECD0-44A2-AC83-AFB566EEA983;00000089;0;Y;20;10000;N;N;796;0;0;0;74.4;RUB;75;RUB
B658816D-ECD0-44A2-AC83-AFB566EEA983;Т0331;0;Y;20;19000;N;N;796;0;0;0;220;RUB;220;RUB
B658816D-ECD0-44A2-AC83-AFB566EEA983;ба99787;0;Y;20;19000;N;N;796;0;0;0;220;RUB;220;RUB
B658816D-ECD0-44A2-AC83-AFB566EEA983;гв000025;2535;Y;20;28000;N;N;796;0;0;0;650;RUB;0;RUB
B658816D-ECD0-44A2-AC83-AFB566EEA983;ба99762;453;Y;20;18600;N;N;796;175;145;110;1220;RUB;1294;RUB
B658816D-ECD0-44A2-AC83-AFB566EEA983;ба9547;0;Y;20;21000;N;N;796;175;145;110;1060;RUB;1272;RUB
B658816D-ECD0-44A2-AC83-AFB566EEA983;в349;438;Y;20;18800;N;N;796;250;205;205;3050;RUB;3180;RUB
B658816D-ECD0-44A2-AC83-AFB566EEA983;Т8604;0;Y;20;23000;N;N;796;0;0;0;11300;RUB;11300;RUB
B658816D-ECD0-44A2-AC83-AFB566EEA983;ба9604;0;Y;20;24000;N;N;796;0;0;0;16000;RUB;16000;RUB
B658816D-ECD0-44A2-AC83-AFB566EEA983;ба99581;0;Y;20;0;N;N;796;0;0;0;78.12;RUB;79;RUB
B658816D-ECD0-44A2-AC83-AFB566EEA983;ба8626;0;Y;20;14000;N;N;796;0;0;0;186;RUB;186;RUB
B658816D-ECD0-44A2-AC83-AFB566EEA983;ба99752;11527;Y;20;8700;N;N;796;50;170;100;225;RUB;220;RUB
B658816D-ECD0-44A2-AC83-AFB566EEA983;ба9178;0;Y;20;14000;N;N;796;70;180;90;648;RUB;65;RUB
B658816D-ECD0-44A2-AC83-AFB566EEA983;ба99755;28398;Y;20;12300;N;N;796;70;180;90;864;RUB;67;RUB
B658816D-ECD0-44A2-AC83-AFB566EEA983;186187;0;Y;20;12000;N;N;796;0;0;0;250;RUB;250;RUB
B658816D-ECD0-44A2-AC83-AFB566EEA983;в348;315;Y;20;30000;N;N;796;35;250;30;4050;RUB;4200;RUB
B658816D-ECD0-44A2-AC83-AFB566EEA983;ба8769;0;Y;20;23000;N;N;796;0;0;0;400;RUB;400;RUB
B658816D-ECD0-44A2-AC83-AFB566EEA983;182068*3;0;Y;20;17000;N;N;796;0;0;0;4990;RUB;4990;RUB
B658816D-ECD0-44A2-AC83-AFB566EEA983;ба99542;0;Y;20;0;N;N;796;0;0;0;10700;RUB;10700;RUB
B658816D-ECD0-44A2-AC83-AFB566EEA983;ба9557;0;Y;20;17000;N;N;796;175;149;121;700;RUB;840;RUB
B658816D-ECD0-44A2-AC83-AFB566EEA983;ба9558;0;Y;20;20000;N;N;796;0;0;0;800;RUB;800;RUB
B658816D-ECD0-44A2-AC83-AFB566EEA983;в360;934;Y;20;14700;N;N;796;175;145;145;1670;RUB;1740;RUB
B658816D-ECD0-44A2-AC83-AFB566EEA983;ба9180;0;Y;20;10000;N;N;796;18;114;18;132;RUB;159;RUB
B658816D-ECD0-44A2-AC83-AFB566EEA983;в2031;20808;Y;20;10000;N;N;796;18;114;18;156;RUB;159;RUB
B658816D-ECD0-44A2-AC83-AFB566EEA983;ба9192;0;Y;20;20000;N;N;796;0;0;0;560;RUB;560;RUB
B658816D-ECD0-44A2-AC83-AFB566EEA983;186168;0;Y;20;17000;N;N;796;125;100;100;600;RUB;720;RUB
B658816D-ECD0-44A2-AC83-AFB566EEA983;ба99780;1251;Y;20;16000;N;N;796;125;100;100;700;RUB;720;RUB
B658816D-ECD0-44A2-AC83-AFB566EEA983;ба9189;0;Y;20;11000;N;N;796;69;280;1195;3000;RUB;900;RUB
B658816D-ECD0-44A2-AC83-AFB566EEA983;ба99742;2763;Y;20;18200;N;N;796;69;280;1195;3600;RUB;3600;RUB
B658816D-ECD0-44A2-AC83-AFB566EEA983;ба8703;0;Y;20;0;N;N;796;0;0;0;691.2;RUB;692;RUB
B658816D-ECD0-44A2-AC83-AFB566EEA983;182064*;0;Y;20;18000;N;N;796;250;365;365;10300;RUB;12360;RUB
B658816D-ECD0-44A2-AC83-AFB566EEA983;ба99695;103;Y;20;15500;N;N;796;250;365;365;11400;RUB;11979;RUB
B658816D-ECD0-44A2-AC83-AFB566EEA983;ба99053;0;Y;20;6000;N;N;796;0;0;0;5;RUB;5;RUB
B658816D-ECD0-44A2-AC83-AFB566EEA983;524658;0;Y;20;0;N;N;796;0;0;0;432;RUB;432;RUB
B658816D-ECD0-44A2-AC83-AFB566EEA983;ба99574;0;Y;20;0;N;N;796;0;0;0;679.68;RUB;680;RUB
B658816D-ECD0-44A2-AC83-AFB566EEA983;ба8783;0;Y;20;20000;N;N;796;0;0;0;430;RUB;430;RUB
B658816D-ECD0-44A2-AC83-AFB566EEA983;ба8917;0;Y;20;0;N;N;796;0;0;0;3475.5;RUB;3476;RUB
B658816D-ECD0-44A2-AC83-AFB566EEA983;ба8918;0;Y;20;0;N;N;796;0;0;0;5628;RUB;5628;RUB
B658816D-ECD0-44A2-AC83-AFB566EEA983;ба96333;0;Y;20;0;N;N;796;0;0;0;3440;RUB;3440;RUB
B658816D-ECD0-44A2-AC83-AFB566EEA983;Т8145;0;Y;20;24000;N;N;796;0;0;0;2300;RUB;2300;RUB
B658816D-ECD0-44A2-AC83-AFB566EEA983;ба99160;0;Y;20;0;N;N;796;0;0;0;636;RUB;636;RUB
B658816D-ECD0-44A2-AC83-AFB566EEA983;Т8162;0;Y;20;18000;N;N;796;0;0;0;8000;RUB;8000;RUB
B658816D-ECD0-44A2-AC83-AFB566EEA983;ба99535;0;Y;20;0;N;N;796;0;0;0;421.67;RUB;422;RUB
B658816D-ECD0-44A2-AC83-AFB566EEA983;ба99095;0;Y;20;20000;N;N;796;0;0;0;360;RUB;360;RUB
B658816D-ECD0-44A2-AC83-AFB566EEA983;ба9563;0;Y;20;17000;N;N;796;0;0;0;900;RUB;900;RUB
B658816D-ECD0-44A2-AC83-AFB566EEA983;ба8659;0;Y;20;18000;N;N;796;0;0;0;440;RUB;440;RUB
B658816D-ECD0-44A2-AC83-AFB566EEA983;ба8624;0;Y;20;8000;N;N;796;20;140;40;54;RUB;6;RUB
B658816D-ECD0-44A2-AC83-AFB566EEA983;ба99745;48444;Y;20;7000;N;N;796;20;140;40;69.6;RUB;65;RUB
B658816D-ECD0-44A2-AC83-AFB566EEA983;ба97703;0;Y;20;16000;N;N;796;175;164;150;1250;RUB;1500;RUB
B658816D-ECD0-44A2-AC83-AFB566EEA983;ба99753;775;Y;20;14400;N;N;796;175;164;150;1450;RUB;1488;RUB
B658816D-ECD0-44A2-AC83-AFB566EEA983;186170;0;Y;20;20000;N;N;796;0;0;0;590;RUB;590;RUB
B658816D-ECD0-44A2-AC83-AFB566EEA983;ба99776;1637;Y;20;16400;N;N;796;120;102;102;680;RUB;714;RUB
B658816D-ECD0-44A2-AC83-AFB566EEA983;Т8452;0;Y;20;15000;N;N;796;0;0;0;1800;RUB;1800;RUB
B658816D-ECD0-44A2-AC83-AFB566EEA983;а8131;0;Y;20;14000;N;N;796;0;0;0;420;RUB;420;RUB
B658816D-ECD0-44A2-AC83-AFB566EEA983;ба8608;0;Y;20;11000;N;N;796;0;0;0;210;RUB;210;RUB
B658816D-ECD0-44A2-AC83-AFB566EEA983;ба97685;0;Y;20;9000;N;N;796;0;0;0;800;RUB;800;RUB
B658816D-ECD0-44A2-AC83-AFB566EEA983;а8530;0;Y;20;0;N;N;796;0;0;0;0;RUB;0;RUB
B658816D-ECD0-44A2-AC83-AFB566EEA983;182044*1;0;Y;20;13000;N;N;796;0;0;0;320;RUB;320;RUB
B658816D-ECD0-44A2-AC83-AFB566EEA983;182044**;0;Y;20;13000;N;N;796;0;0;0;320;RUB;320;RUB
B658816D-ECD0-44A2-AC83-AFB566EEA983;182044*;0;Y;20;13000;N;N;796;0;0;0;320;RUB;320;RUB
B658816D-ECD0-44A2-AC83-AFB566EEA983;182044;0;Y;20;13000;N;N;796;0;0;0;320;RUB;320;RUB
B658816D-ECD0-44A2-AC83-AFB566EEA983;ба9367;0;Y;20;0;N;N;796;0;0;0;70;RUB;70;RUB
B658816D-ECD0-44A2-AC83-AFB566EEA983;ба9366;0;Y;20;0;N;N;796;0;0;0;70;RUB;70;RUB
B658816D-ECD0-44A2-AC83-AFB566EEA983;ба9364;0;Y;20;0;N;N;796;0;0;0;70;RUB;70;RUB
B658816D-ECD0-44A2-AC83-AFB566EEA983;ба9363;0;Y;20;0;N;N;796;0;0;0;70;RUB;70;RUB
B658816D-ECD0-44A2-AC83-AFB566EEA983;ба9365;0;Y;20;0;N;N;796;0;0;0;70;RUB;70;RUB
B658816D-ECD0-44A2-AC83-AFB566EEA983;ба99546;0;Y;20;0;N;N;796;0;0;0;3900;RUB;3900;RUB
B658816D-ECD0-44A2-AC83-AFB566EEA983;ба97702;0;Y;20;14000;N;N;796;150;153;140;960;RUB;1152;RUB
B658816D-ECD0-44A2-AC83-AFB566EEA983;ба99757;908;Y;20;11600;N;N;796;150;153;140;1100;RUB;1191;RUB
B658816D-ECD0-44A2-AC83-AFB566EEA983;ба96541;0;Y;20;18000;N;N;796;0;0;0;1800;RUB;1800;RUB
B658816D-ECD0-44A2-AC83-AFB566EEA983;Т8448;0;Y;20;16000;N;N;796;0;0;0;3000;RUB;3000;RUB
B658816D-ECD0-44A2-AC83-AFB566EEA983;ба9200;0;Y;20;38000;N;N;796;0;0;0;820;RUB;820;RUB
B658816D-ECD0-44A2-AC83-AFB566EEA983;ба96551;0;Y;20;18000;N;N;796;0;0;0;1950;RUB;1950;RUB
B658816D-ECD0-44A2-AC83-AFB566EEA983;ба9560;0;Y;20;20000;N;N;796;0;0;0;1200;RUB;1200;RUB
B658816D-ECD0-44A2-AC83-AFB566EEA983;174262;0;Y;20;10500;N;N;796;0;0;0;216;RUB;216;RUB
B658816D-ECD0-44A2-AC83-AFB566EEA983;ба99730;387;Y;20;10600;N;N;796;150;200;165;2150;RUB;2220;RUB
B658816D-ECD0-44A2-AC83-AFB566EEA983;ба97695;0;Y;20;11000;N;N;796;0;0;0;1850;RUB;1850;RUB
B658816D-ECD0-44A2-AC83-AFB566EEA983;ба9236;0;Y;20;15000;N;N;796;0;0;0;2300;RUB;2300;RUB
B658816D-ECD0-44A2-AC83-AFB566EEA983;ба99565;0;Y;20;0;N;N;796;0;0;0;467.28;RUB;468;RUB
B658816D-ECD0-44A2-AC83-AFB566EEA983;ба96367;0;Y;20;0;N;N;796;0;0;0;4000;RUB;4000;RUB
B658816D-ECD0-44A2-AC83-AFB566EEA983;CP99121;0;Y;20;0;N;N;796;0;0;0;3500;RUB;3500;RUB
B658816D-ECD0-44A2-AC83-AFB566EEA983;ба99106;0;Y;20;18400;N;N;796;0;0;0;1440;RUB;1440;RUB
B658816D-ECD0-44A2-AC83-AFB566EEA983;ба99052;0;Y;20;0;N;N;796;0;0;0;195.35;RUB;196;RUB
B658816D-ECD0-44A2-AC83-AFB566EEA983;ба99050;0;Y;20;0;N;N;796;18;75;75;162.77;RUB;196;RUB
B658816D-ECD0-44A2-AC83-AFB566EEA983;гв000059;0;Y;20;7800;N;N;796;0;0;0;56.25;RUB;0;RUB
B658816D-ECD0-44A2-AC83-AFB566EEA983;13548545;0;Y;20;0;N;N;796;0;0;0;3360;RUB;3360;RUB
B658816D-ECD0-44A2-AC83-AFB566EEA983;в4190;25570;Y;20;15600;N;N;796;180;80;20;220;RUB;44;RUB
B658816D-ECD0-44A2-AC83-AFB566EEA983;ба97684;0;Y;20;18000;N;N;796;0;0;0;155;RUB;155;RUB
B658816D-ECD0-44A2-AC83-AFB566EEA983;ба9613;0;Y;20;15000;N;N;796;0;0;0;220;RUB;220;RUB
B658816D-ECD0-44A2-AC83-AFB566EEA983;ба97699;0;Y;20;17000;N;N;796;0;0;0;520;RUB;520;RUB
B658816D-ECD0-44A2-AC83-AFB566EEA983;ба99784;1612;Y;20;19000;N;N;796;125;105;105;600;RUB;645;RUB
B658816D-ECD0-44A2-AC83-AFB566EEA983;Т9057;0;Y;20;16000;N;N;796;0;0;0;1200;RUB;1200;RUB
B658816D-ECD0-44A2-AC83-AFB566EEA983;182042;0;Y;20;20000;N;N;796;0;0;0;140;RUB;140;RUB
B658816D-ECD0-44A2-AC83-AFB566EEA983;ба99795;10566;Y;20;16900;N;N;796;220;88;88;170;RUB;168;RUB
B658816D-ECD0-44A2-AC83-AFB566EEA983;ба8817;0;Y;20;16000;N;N;796;0;0;0;1300;RUB;1300;RUB
B658816D-ECD0-44A2-AC83-AFB566EEA983;ба99657;532;Y;20;14900;N;N;796;120;172;172;2000;RUB;2040;RUB
B658816D-ECD0-44A2-AC83-AFB566EEA983;182065;0;Y;20;23000;N;N;796;175;182;102;1100;RUB;1320;RUB
B658816D-ECD0-44A2-AC83-AFB566EEA983;ба99763;755;Y;20;16700;N;N;796;175;182;102;1270;RUB;1320;RUB
B658816D-ECD0-44A2-AC83-AFB566EEA983;в15;0;Y;20;23000;N;N;796;0;0;0;990;RUB;990;RUB
B658816D-ECD0-44A2-AC83-AFB566EEA983;ба8856;0;Y;20;6000;N;N;796;45;240;100;432;RUB;44;RUB
B658816D-ECD0-44A2-AC83-AFB566EEA983;ба99705;77478;Y;20;6000;N;N;796;45;240;100;734.4;RUB;51;RUB
B658816D-ECD0-44A2-AC83-AFB566EEA983;163458;0;Y;20;10700;N;N;796;0;0;0;815.1;RUB;816;RUB
B658816D-ECD0-44A2-AC83-AFB566EEA983;00000251;0;Y;20;10700;N;N;796;0;0;0;913.55;RUB;914;RUB
B658816D-ECD0-44A2-AC83-AFB566EEA983;в985410;484;Y;20;0;N;N;796;0;0;0;20;RUB;24;RUB
B658816D-ECD0-44A2-AC83-AFB566EEA983;21654;0;Y;20;9100;N;N;796;0;0;0;1154.5;RUB;1155;RUB
B658816D-ECD0-44A2-AC83-AFB566EEA983;00000255;0;Y;20;10800;N;N;796;0;0;0;896.5;RUB;897;RUB
B658816D-ECD0-44A2-AC83-AFB566EEA983;182048;0;Y;20;10640;N;N;796;0;0;0;952.5;RUB;953;RUB
B658816D-ECD0-44A2-AC83-AFB566EEA983;а8433;0;Y;20;0;N;N;796;0;0;0;66;RUB;66;RUB
B658816D-ECD0-44A2-AC83-AFB566EEA983;а8438;0;Y;20;0;N;N;796;0;0;0;66;RUB;66;RUB
B658816D-ECD0-44A2-AC83-AFB566EEA983;а8436;0;Y;20;0;N;N;796;0;0;0;60;RUB;60;RUB
B658816D-ECD0-44A2-AC83-AFB566EEA983;а8437;0;Y;20;0;N;N;796;0;0;0;66;RUB;66;RUB
B658816D-ECD0-44A2-AC83-AFB566EEA983;а8441;0;Y;20;0;N;N;796;0;0;0;66;RUB;66;RUB
B658816D-ECD0-44A2-AC83-AFB566EEA983;а8434;0;Y;20;0;N;N;796;0;0;0;39.6;RUB;40;RUB
B658816D-ECD0-44A2-AC83-AFB566EEA983;а8435;0;Y;20;0;N;N;796;0;0;0;39.6;RUB;40;RUB
B658816D-ECD0-44A2-AC83-AFB566EEA983;00000269;0;Y;20;3100;N;N;796;166;0;0;298.8;RUB;30;RUB
B658816D-ECD0-44A2-AC83-AFB566EEA983;00000270;12;Y;20;3100;N;N;796;166;0;0;356.16;RUB;36;RUB
B658816D-ECD0-44A2-AC83-AFB566EEA983;00000272;0;Y;20;3100;N;N;796;160;0;0;362.4;RUB;37;RUB
B658816D-ECD0-44A2-AC83-AFB566EEA983;00000263;0;Y;20;1840;N;N;796;0;0;0;233.52;RUB;234;RUB
B658816D-ECD0-44A2-AC83-AFB566EEA983;ба9072;12;Y;20;2300;N;N;796;140;0;0;259.32;RUB;26;RUB
B658816D-ECD0-44A2-AC83-AFB566EEA983;00000274;0;Y;20;2130;N;N;796;0;0;0;259.32;RUB;26;RUB
B658816D-ECD0-44A2-AC83-AFB566EEA983;00000275;0;Y;20;2130;N;N;796;140;0;0;310.32;RUB;32;RUB
B658816D-ECD0-44A2-AC83-AFB566EEA983;00000273;12;Y;20;2160;N;N;796;140;0;0;298.92;RUB;30;RUB
B658816D-ECD0-44A2-AC83-AFB566EEA983;гв000026;1392;Y;20;3000;N;N;796;0;0;0;3079.8;RUB;0;RUB
B658816D-ECD0-44A2-AC83-AFB566EEA983;гв000028;1740;Y;20;3000;N;N;796;0;0;0;3520.6;RUB;0;RUB
B658816D-ECD0-44A2-AC83-AFB566EEA983;гв000027;1392;Y;20;3000;N;N;796;0;0;0;3596;RUB;0;RUB
B658816D-ECD0-44A2-AC83-AFB566EEA983;гв000029;600;Y;20;3800;N;N;796;0;0;0;4514.4;RUB;0;RUB
B658816D-ECD0-44A2-AC83-AFB566EEA983;ба9287;14.995;Y;20;13300;N;N;796;200;0;0;561.3;RUB;45;RUB
B658816D-ECD0-44A2-AC83-AFB566EEA983;ба96637;60;Y;20;13300;N;N;796;200;0;0;561.3;RUB;45;RUB
B658816D-ECD0-44A2-AC83-AFB566EEA983;ба9286;105;Y;20;13300;N;N;796;0;0;0;561.3;RUB;562;RUB
B658816D-ECD0-44A2-AC83-AFB566EEA983;ба98708;240;Y;20;13300;N;N;796;0;0;0;561.3;RUB;562;RUB
B658816D-ECD0-44A2-AC83-AFB566EEA983;а9192;0;Y;20;0;N;N;796;0;0;0;190;RUB;190;RUB
B658816D-ECD0-44A2-AC83-AFB566EEA983;ба8686;0;Y;20;0;N;N;796;0;0;0;160;RUB;160;RUB
B658816D-ECD0-44A2-AC83-AFB566EEA983;ба8687;0;Y;20;0;N;N;796;0;0;0;195;RUB;195;RUB
B658816D-ECD0-44A2-AC83-AFB566EEA983;ба8688;0;Y;20;0;N;N;796;0;0;0;245;RUB;245;RUB
B658816D-ECD0-44A2-AC83-AFB566EEA983;а9197;0;Y;20;0;N;N;796;0;0;0;118;RUB;118;RUB
B658816D-ECD0-44A2-AC83-AFB566EEA983;ба8689;0;Y;20;0;N;N;796;0;0;0;295;RUB;295;RUB
B658816D-ECD0-44A2-AC83-AFB566EEA983;ба8690;0;Y;20;0;N;N;796;0;0;0;320;RUB;320;RUB
B658816D-ECD0-44A2-AC83-AFB566EEA983;а9198;0;Y;20;0;N;N;796;0;0;0;156;RUB;156;RUB
B658816D-ECD0-44A2-AC83-AFB566EEA983;646454;1150;Y;20;8000;N;N;796;100;0;0;650;RUB;16;RUB
B658816D-ECD0-44A2-AC83-AFB566EEA983;564684;0;Y;20;5000;N;N;796;0;0;0;405;RUB;20;RUB
B658816D-ECD0-44A2-AC83-AFB566EEA983;521544;1100;Y;20;4000;N;N;796;0;0;0;405;RUB;20;RUB
B658816D-ECD0-44A2-AC83-AFB566EEA983;ба97335;0;Y;20;10700;N;N;796;0;0;0;931.5;RUB;932;RUB
B658816D-ECD0-44A2-AC83-AFB566EEA983;65432154;1050;Y;20;7000;N;N;796;200;0;0;452.5;RUB;22;RUB
B658816D-ECD0-44A2-AC83-AFB566EEA983;46018846;0;Y;20;11600;N;N;796;0;0;0;700;RUB;17;RUB
B658816D-ECD0-44A2-AC83-AFB566EEA983;ба97408;50;Y;20;9600;N;N;796;150;0;0;1154.5;RUB;28;RUB
B658816D-ECD0-44A2-AC83-AFB566EEA983;46018840;50;Y;20;12100;N;N;796;0;0;0;867;RUB;21;RUB
B658816D-ECD0-44A2-AC83-AFB566EEA983;гв000036;0;Y;20;4600;N;N;796;0;0;0;8239;RUB;0;RUB
B658816D-ECD0-44A2-AC83-AFB566EEA983;123456;0;Y;20;0;N;N;796;0;0;0;811.5;RUB;812;RUB
B658816D-ECD0-44A2-AC83-AFB566EEA983;00000248;1100;Y;20;12080;N;N;796;0;0;0;1097.5;RUB;27;RUB
B658816D-ECD0-44A2-AC83-AFB566EEA983;00000266;0;Y;20;11700;N;N;796;103;240;185;933;RUB;20;RUB
B658816D-ECD0-44A2-AC83-AFB566EEA983;ба98707;0;Y;20;9100;N;N;796;150;0;0;1208.5;RUB;30;RUB
B658816D-ECD0-44A2-AC83-AFB566EEA983;ба98706;700;Y;20;11600;N;N;796;0;0;0;879;RUB;22;RUB
B658816D-ECD0-44A2-AC83-AFB566EEA983;00000246;0;Y;20;12500;N;N;796;0;0;0;933;RUB;933;RUB
B658816D-ECD0-44A2-AC83-AFB566EEA983;182038;0;Y;20;11600;N;N;796;0;0;0;746.5;RUB;18;RUB
B658816D-ECD0-44A2-AC83-AFB566EEA983;00000245;500;Y;20;11700;N;N;796;0;0;0;879;RUB;22;RUB
B658816D-ECD0-44A2-AC83-AFB566EEA983;00000249;0;Y;20;10600;N;N;796;0;0;0;1054.8;RUB;1055;RUB
B658816D-ECD0-44A2-AC83-AFB566EEA983;00000264;0;Y;20;0;N;N;796;0;0;0;933;RUB;51;RUB
B658816D-ECD0-44A2-AC83-AFB566EEA983;гв000031;60;Y;20;8000;N;N;796;0;0;0;47.37;RUB;0;RUB
B658816D-ECD0-44A2-AC83-AFB566EEA983;гв000030;0;Y;20;0;N;N;796;0;0;0;3250;RUB;0;RUB
B658816D-ECD0-44A2-AC83-AFB566EEA983;гв000033;2496;Y;20;8000;N;N;796;0;0;0;63.75;RUB;0;RUB
B658816D-ECD0-44A2-AC83-AFB566EEA983;гв000032;6;Y;20;8000;N;N;796;0;0;0;55.87;RUB;0;RUB
B658816D-ECD0-44A2-AC83-AFB566EEA983;а8456;0;Y;20;0;N;N;796;0;0;0;150;RUB;150;RUB
B658816D-ECD0-44A2-AC83-AFB566EEA983;а8454;0;Y;20;0;N;N;796;0;0;0;184;RUB;184;RUB
B658816D-ECD0-44A2-AC83-AFB566EEA983;а8458;0;Y;20;0;N;N;796;0;0;0;237;RUB;237;RUB
B658816D-ECD0-44A2-AC83-AFB566EEA983;а8459;0;Y;20;0;N;N;796;0;0;0;177;RUB;177;RUB
B658816D-ECD0-44A2-AC83-AFB566EEA983;а8455;0;Y;20;0;N;N;796;0;0;0;135;RUB;135;RUB
B658816D-ECD0-44A2-AC83-AFB566EEA983;гв000022;112815.01;Y;20;8000;N;N;796;0;0;0;480;RUB;0;RUB
B658816D-ECD0-44A2-AC83-AFB566EEA983;гв000023;62234.99;Y;20;8000;N;N;796;0;0;0;510;RUB;0;RUB
B658816D-ECD0-44A2-AC83-AFB566EEA983;182061;0;Y;20;18000;N;N;796;0;0;0;10300;RUB;10300;RUB
B658816D-ECD0-44A2-AC83-AFB566EEA983;186193;0;Y;20;27000;N;N;796;124;125;125;880;RUB;1056;RUB
B658816D-ECD0-44A2-AC83-AFB566EEA983;ба99781;3800;Y;20;28500;N;N;796;124;125;125;1000;RUB;1048;RUB
B658816D-ECD0-44A2-AC83-AFB566EEA983;ба9211;0;Y;20;21000;N;N;796;0;0;0;790;RUB;790;RUB
B658816D-ECD0-44A2-AC83-AFB566EEA983;ба99759;611;Y;20;15800;N;N;796;200;185;167;1600;RUB;1680;RUB
B658816D-ECD0-44A2-AC83-AFB566EEA983;ба97701;0;Y;20;12000;N;N;796;200;185;167;1450;RUB;1740;RUB
B658816D-ECD0-44A2-AC83-AFB566EEA983;182070*1;0;Y;20;17000;N;N;796;0;0;0;1650;RUB;1650;RUB
B658816D-ECD0-44A2-AC83-AFB566EEA983;ба9205;0;Y;20;22000;N;N;796;750;30;38;800;RUB;480;RUB
B658816D-ECD0-44A2-AC83-AFB566EEA983;ба99821;0;Y;20;15200;N;N;796;750;30;38;800;RUB;400;RUB
B658816D-ECD0-44A2-AC83-AFB566EEA983;21545241;4155;Y;20;16900;N;N;796;0;835;0;460;RUB;480;RUB
B658816D-ECD0-44A2-AC83-AFB566EEA983;ба99805;250;Y;20;5500;N;N;796;360;170;100;1450;RUB;1399;RUB
B658816D-ECD0-44A2-AC83-AFB566EEA983;ба8671;0;Y;20;10000;N;N;796;0;0;0;1260;RUB;1512;RUB
B658816D-ECD0-44A2-AC83-AFB566EEA983;00000116;0;Y;20;6000;N;N;796;0;0;0;230;RUB;230;RUB
B658816D-ECD0-44A2-AC83-AFB566EEA983;ба99087;0;Y;20;25000;N;N;796;0;0;0;320;RUB;320;RUB
B658816D-ECD0-44A2-AC83-AFB566EEA983;ба8660;0;Y;20;18000;N;N;796;0;0;0;440;RUB;440;RUB
B658816D-ECD0-44A2-AC83-AFB566EEA983;в361;1146;Y;20;11200;N;N;796;175;145;128;1100;RUB;1140;RUB
B658816D-ECD0-44A2-AC83-AFB566EEA983;ба96362;0;Y;20;0;N;N;796;0;0;0;3300;RUB;3300;RUB
B658816D-ECD0-44A2-AC83-AFB566EEA983;ба96334;0;Y;20;0;N;N;796;0;0;0;432;RUB;432;RUB
B658816D-ECD0-44A2-AC83-AFB566EEA983;ба98887;0;Y;20;0;N;N;796;0;0;0;1080;RUB;1080;RUB
B658816D-ECD0-44A2-AC83-AFB566EEA983;ба99751;293;Y;20;12000;N;N;796;175;150;132;1250;RUB;1296;RUB
B658816D-ECD0-44A2-AC83-AFB566EEA983;186172;0;Y;20;19000;N;N;796;175;150;132;1650;RUB;1980;RUB
B658816D-ECD0-44A2-AC83-AFB566EEA983;Т9058;0;Y;20;18000;N;N;796;0;0;0;1250;RUB;1250;RUB
B658816D-ECD0-44A2-AC83-AFB566EEA983;ба9191;0;Y;20;19000;N;N;796;0;0;0;380;RUB;380;RUB
B658816D-ECD0-44A2-AC83-AFB566EEA983;ба99770;75;Y;20;25600;N;N;796;150;98;98;430;RUB;444;RUB
B658816D-ECD0-44A2-AC83-AFB566EEA983;а9230;88;Y;20;0;N;N;796;0;0;0;148;RUB;168;RUB
B658816D-ECD0-44A2-AC83-AFB566EEA983;а9231;91;Y;20;0;N;N;796;0;0;0;148;RUB;168;RUB
B658816D-ECD0-44A2-AC83-AFB566EEA983;а9232;17;Y;20;0;N;N;796;0;0;0;148;RUB;168;RUB
B658816D-ECD0-44A2-AC83-AFB566EEA983;а9233;96;Y;20;0;N;N;796;0;0;0;148;RUB;168;RUB
B658816D-ECD0-44A2-AC83-AFB566EEA983;а9234;16;Y;20;0;N;N;796;0;0;0;248;RUB;252;RUB
B658816D-ECD0-44A2-AC83-AFB566EEA983;а9235;88;Y;20;0;N;N;796;0;0;0;238;RUB;252;RUB
B658816D-ECD0-44A2-AC83-AFB566EEA983;а9236;0;Y;20;0;N;N;796;0;0;0;238;RUB;252;RUB
B658816D-ECD0-44A2-AC83-AFB566EEA983;а9237;83;Y;20;0;N;N;796;0;0;0;238;RUB;252;RUB
B658816D-ECD0-44A2-AC83-AFB566EEA983;182006*;0;Y;20;0;N;N;796;0;0;0;59.5;RUB;60;RUB
B658816D-ECD0-44A2-AC83-AFB566EEA983;182006;0;Y;20;0;N;N;796;0;0;0;59.5;RUB;60;RUB
B658816D-ECD0-44A2-AC83-AFB566EEA983;182008;80;Y;20;0;N;N;796;0;0;0;76.5;RUB;77;RUB
B658816D-ECD0-44A2-AC83-AFB566EEA983;182008*;0;Y;20;0;N;N;796;0;0;0;76.5;RUB;77;RUB
B658816D-ECD0-44A2-AC83-AFB566EEA983;182008**;0;Y;20;0;N;N;796;0;0;0;76.5;RUB;77;RUB
B658816D-ECD0-44A2-AC83-AFB566EEA983;190445;0;Y;20;0;N;N;796;0;0;0;59.63;RUB;60;RUB
B658816D-ECD0-44A2-AC83-AFB566EEA983;00000555;0;Y;20;0;N;N;796;0;0;0;3.5;RUB;4;RUB
B658816D-ECD0-44A2-AC83-AFB566EEA983;гв000040;0;Y;20;4700;N;N;796;0;0;0;142.5;RUB;0;RUB
B658816D-ECD0-44A2-AC83-AFB566EEA983;гв000041;0;Y;20;3600;N;N;796;0;0;0;202;RUB;0;RUB
B658816D-ECD0-44A2-AC83-AFB566EEA983;гв000147;0;Y;20;3600;N;N;796;0;0;0;212.65;RUB;0;RUB
B658816D-ECD0-44A2-AC83-AFB566EEA983;гв000042;0;Y;20;3600;N;N;796;0;0;0;216.3;RUB;0;RUB
B658816D-ECD0-44A2-AC83-AFB566EEA983;ба99572;0;Y;20;0;N;N;796;0;0;0;52.44;RUB;53;RUB
B658816D-ECD0-44A2-AC83-AFB566EEA983;ба9586;0;Y;20;25000;N;N;796;9;78;45;300;RUB;18;RUB
B658816D-ECD0-44A2-AC83-AFB566EEA983;ба99694;590124;Y;20;20000;N;N;796;9;78;45;384;RUB;18;RUB
B658816D-ECD0-44A2-AC83-AFB566EEA983;ба9238;0;Y;20;0;N;N;796;0;0;0;180;RUB;180;RUB
B658816D-ECD0-44A2-AC83-AFB566EEA983;ба8811;0;Y;20;19000;N;N;796;0;0;0;990;RUB;990;RUB
B658816D-ECD0-44A2-AC83-AFB566EEA983;ба99098;0;Y;20;20000;N;N;796;0;0;0;830;RUB;830;RUB
B658816D-ECD0-44A2-AC83-AFB566EEA983;ба99094;2373;Y;20;24000;N;N;796;0;0;0;380;RUB;340;RUB
B658816D-ECD0-44A2-AC83-AFB566EEA983;ба99093;0;Y;20;12000;N;N;796;0;0;0;376;RUB;376;RUB
B658816D-ECD0-44A2-AC83-AFB566EEA983;ба9237;0;Y;20;0;N;N;796;0;0;0;318;RUB;318;RUB
B658816D-ECD0-44A2-AC83-AFB566EEA983;ба9587;0;Y;20;23000;N;N;796;9;136;47;648;RUB;39;RUB
B658816D-ECD0-44A2-AC83-AFB566EEA983;ба99697;175590;Y;20;19500;N;N;796;9;136;47;744;RUB;36;RUB
B658816D-ECD0-44A2-AC83-AFB566EEA983;ба8828;0;Y;20;17000;N;N;796;0;0;0;1890;RUB;1890;RUB
B658816D-ECD0-44A2-AC83-AFB566EEA983;04111;0;Y;20;0;N;N;796;0;0;0;2670;RUB;2670;RUB
B658816D-ECD0-44A2-AC83-AFB566EEA983;ба9195;0;Y;20;30000;N;N;796;0;0;0;620;RUB;620;RUB
B658816D-ECD0-44A2-AC83-AFB566EEA983;ба99543;0;Y;20;0;N;N;796;0;0;0;10700;RUB;10700;RUB
B658816D-ECD0-44A2-AC83-AFB566EEA983;ба9232;0;Y;20;18000;N;N;796;330;110;110;2900;RUB;1740;RUB
B658816D-ECD0-44A2-AC83-AFB566EEA983;ба99802;216;Y;20;11500;N;N;796;330;110;110;4000;RUB;1980;RUB
B658816D-ECD0-44A2-AC83-AFB566EEA983;ба9228;0;Y;20;30000;N;N;796;0;0;0;22000;RUB;22000;RUB
B658816D-ECD0-44A2-AC83-AFB566EEA983;ба99686;71;Y;20;26400;N;N;796;250;735;360;21800;RUB;22990;RUB
B658816D-ECD0-44A2-AC83-AFB566EEA983;186165;0;Y;20;13000;N;N;796;0;0;0;250;RUB;250;RUB
B658816D-ECD0-44A2-AC83-AFB566EEA983;ба99799;0;Y;20;13000;N;N;796;0;0;0;250;RUB;250;RUB
B658816D-ECD0-44A2-AC83-AFB566EEA983;ба99571;0;Y;20;0;N;N;796;0;0;0;430;RUB;430;RUB
B658816D-ECD0-44A2-AC83-AFB566EEA983;ба96975;0;Y;20;17000;N;N;796;0;0;0;5100;RUB;5100;RUB
B658816D-ECD0-44A2-AC83-AFB566EEA983;ба96968;0;Y;20;17000;N;N;796;0;0;0;1850;RUB;1850;RUB
B658816D-ECD0-44A2-AC83-AFB566EEA983;ба96970;0;Y;20;17000;N;N;796;0;0;0;2550;RUB;2550;RUB
B658816D-ECD0-44A2-AC83-AFB566EEA983;ба96978;0;Y;20;18000;N;N;796;0;0;0;10500;RUB;10500;RUB
B658816D-ECD0-44A2-AC83-AFB566EEA983;ба96963;0;Y;20;23000;N;N;796;0;0;0;1100;RUB;1100;RUB
B658816D-ECD0-44A2-AC83-AFB566EEA983;ба96981;0;Y;20;23000;N;N;796;0;0;0;16500;RUB;16500;RUB
B658816D-ECD0-44A2-AC83-AFB566EEA983;ба99563;0;Y;20;0;N;N;796;0;0;0;518.06;RUB;519;RUB
B658816D-ECD0-44A2-AC83-AFB566EEA983;ба8620;0;Y;20;12000;N;N;796;0;0;0;360;RUB;360;RUB
B658816D-ECD0-44A2-AC83-AFB566EEA983;186197;0;Y;20;16000;N;N;796;0;0;0;1500;RUB;1500;RUB
B658816D-ECD0-44A2-AC83-AFB566EEA983;00000054;0;Y;20;9500;N;N;796;0;0;0;204;RUB;204;RUB
B658816D-ECD0-44A2-AC83-AFB566EEA983;Т8158;0;Y;20;15000;N;N;796;0;0;0;4900;RUB;4900;RUB
B658816D-ECD0-44A2-AC83-AFB566EEA983;ба99096;0;Y;20;23000;N;N;796;0;0;0;530;RUB;530;RUB
B658816D-ECD0-44A2-AC83-AFB566EEA983;ба8653;0;Y;20;25000;N;N;796;0;0;0;300;RUB;300;RUB
B658816D-ECD0-44A2-AC83-AFB566EEA983;ба99664;0;Y;20;13500;N;N;796;0;0;0;4400;RUB;4400;RUB
B658816D-ECD0-44A2-AC83-AFB566EEA983;ба8726;0;Y;20;0;N;N;796;0;0;0;480;RUB;480;RUB
B658816D-ECD0-44A2-AC83-AFB566EEA983;ба99545;0;Y;20;0;N;N;796;0;0;0;2595;RUB;2595;RUB
B658816D-ECD0-44A2-AC83-AFB566EEA983;ба8834;0;Y;20;21000;N;N;796;0;0;0;3200;RUB;3200;RUB
B658816D-ECD0-44A2-AC83-AFB566EEA983;ба99727;330;Y;20;22900;N;N;796;225;250;250;3680;RUB;3840;RUB